date,actual,mean,naive,seasonal_naive_daily,seasonal_naive_weekly,drift,sarimax,xgboost_conditional,xgboost_strict,chronos
2016-05-13 19:00:00,208.33333333333334,97.46163394267658,348.3333333333333,123.33333333333333,126.66666666666667,348.432667343944,210.72897381098892,234.37289428710938,231.36883544921875,169.5087127685547
2016-05-13 20:00:00,120.0,97.46163394267658,348.3333333333333,100.0,116.66666666666667,348.53200135455467,183.28376782709785,252.83169555664062,234.23455810546875,112.91114044189452
2016-05-13 21:00:00,63.333333333333336,97.46163394267658,348.3333333333333,71.66666666666667,71.66666666666667,348.63133536516534,137.14234100469824,209.7650909423828,203.55206298828125,83.10281372070312
2016-05-13 22:00:00,55.0,97.46163394267658,348.3333333333333,60.0,53.333333333333336,348.730669375776,104.91428046299434,114.67405700683594,145.76466369628906,70.101318359375
2016-05-13 23:00:00,61.666666666666664,97.46163394267658,348.3333333333333,56.666666666666664,58.333333333333336,348.8300033863867,95.0942008556351,100.9119644165039,110.49433898925781,60.55513000488281
2016-05-14 00:00:00,58.333333333333336,97.46163394267658,348.3333333333333,55.0,51.666666666666664,348.92933739699737,80.90048256316584,92.42347717285156,128.34278869628906,56.574066162109375
2016-05-14 01:00:00,63.333333333333336,97.46163394267658,348.3333333333333,53.333333333333336,56.666666666666664,349.02867140760804,76.36494110260776,75.64427947998047,103.63807678222656,57.57277297973633
2016-05-14 02:00:00,60.0,97.46163394267658,348.3333333333333,58.333333333333336,53.333333333333336,349.1280054182187,72.20395023297975,74.81023406982422,89.01254272460938,53.70518493652344
2016-05-14 03:00:00,60.0,97.46163394267658,348.3333333333333,58.333333333333336,55.0,349.2273394288294,66.58439286182829,73.3319091796875,83.76402282714844,51.70808410644531
2016-05-14 04:00:00,60.0,97.46163394267658,348.3333333333333,50.0,55.0,349.32667343944007,64.86266407713195,81.00091552734375,87.01055908203125,53.45479583740234
2016-05-14 05:00:00,56.666666666666664,97.46163394267658,348.3333333333333,58.333333333333336,51.666666666666664,349.4260074500508,70.14651361771321,92.30516815185547,101.32430267333984,55.17192459106445
2016-05-14 06:00:00,63.333333333333336,97.46163394267658,348.3333333333333,146.66666666666666,53.333333333333336,349.5253414606615,77.17488822698309,101.52940368652344,114.22016143798828,65.8366928100586
2016-05-14 07:00:00,113.33333333333333,97.46163394267658,348.3333333333333,176.66666666666666,148.33333333333334,349.62467547127216,97.3062307426024,134.1659393310547,167.91636657714844,113.19752502441406
2016-05-14 08:00:00,133.33333333333334,97.46163394267658,348.3333333333333,338.3333333333333,121.66666666666667,349.72400948188283,105.45117704744104,138.1639404296875,201.52647399902344,173.31512451171875
2016-05-14 09:00:00,118.33333333333333,97.46163394267658,348.3333333333333,93.33333333333333,153.33333333333334,349.8233434924935,88.76353358870719,133.2683868408203,211.2722625732422,192.50616455078125
2016-05-14 10:00:00,158.33333333333334,97.46163394267658,348.3333333333333,73.33333333333333,178.33333333333334,349.9226775031042,89.91071401418664,152.9444122314453,191.98703002929688,210.4515686035156
2016-05-14 11:00:00,96.66666666666667,97.46163394267658,348.3333333333333,355.0,161.66666666666666,350.02201151371486,94.81700659049028,163.90267944335938,177.7176971435547,224.24215698242188
2016-05-14 12:00:00,116.66666666666667,97.46163394267658,348.3333333333333,301.6666666666667,86.66666666666667,350.12134552432553,90.0140811506466,165.93299865722656,203.7410430908203,207.21405029296875
2016-05-14 13:00:00,113.33333333333333,97.46163394267658,348.3333333333333,268.3333333333333,75.0,350.2206795349362,82.16970944200762,154.0078125,220.57235717773438,166.87710571289062
2016-05-14 14:00:00,106.66666666666667,97.46163394267658,348.3333333333333,318.3333333333333,88.33333333333333,350.3200135455469,82.69831892140587,137.1775360107422,216.6557159423828,135.67091369628906
2016-05-14 15:00:00,130.0,97.46163394267658,348.3333333333333,201.66666666666666,103.33333333333333,350.41934755615756,74.48455225496035,125.8964614868164,195.3761749267578,124.50659942626952
2016-05-14 16:00:00,111.66666666666667,97.46163394267658,348.3333333333333,351.6666666666667,91.66666666666667,350.51868156676824,99.95143953978504,158.05487060546875,252.94216918945312,150.32489013671875
2016-05-14 17:00:00,241.66666666666666,97.46163394267658,348.3333333333333,231.66666666666666,83.33333333333333,350.6180155773789,145.46804241156013,195.6612091064453,221.95059204101562,175.33213806152344
2016-05-14 18:00:00,166.66666666666666,97.46163394267658,348.3333333333333,348.3333333333333,285.0,350.7173495879896,134.9328716972991,203.3277130126953,298.3691711425781,136.56488037109375
2016-05-14 19:00:00,90.0,97.52798298634431,166.66666666666666,208.33333333333334,120.0,166.7041764640018,127.42845230602671,164.8572998046875,192.7618408203125,119.56765747070312
2016-05-14 20:00:00,86.66666666666667,97.52798298634431,166.66666666666666,120.0,86.66666666666667,166.7416862613369,102.93364833765656,136.0581512451172,118.44253540039062,93.58072662353516
2016-05-14 21:00:00,75.0,97.52798298634431,166.66666666666666,63.333333333333336,56.666666666666664,166.77919605867203,69.28666007164544,84.37054443359375,128.65786743164062,71.50746154785156
2016-05-14 22:00:00,61.666666666666664,97.52798298634431,166.66666666666666,55.0,58.333333333333336,166.81670585600716,61.055255216659894,70.47390747070312,96.08013916015625,62.919464111328125
2016-05-14 23:00:00,48.333333333333336,97.52798298634431,166.66666666666666,61.666666666666664,56.666666666666664,166.8542156533423,51.593649023005845,60.91071701049805,75.33922576904297,58.95387268066406
2016-05-15 00:00:00,53.333333333333336,97.52798298634431,166.66666666666666,58.333333333333336,58.333333333333336,166.8917254506774,47.65985396845177,59.62447738647461,64.70802307128906,57.32685852050781
2016-05-15 01:00:00,55.0,97.52798298634431,166.66666666666666,63.333333333333336,51.666666666666664,166.92923524801253,45.60877818446346,57.20332717895508,76.91767120361328,57.20412063598633
2016-05-15 02:00:00,51.666666666666664,97.52798298634431,166.66666666666666,60.0,55.0,166.96674504534766,43.67752116218757,56.92123031616211,82.66020965576172,56.037628173828125
2016-05-15 03:00:00,40.0,97.52798298634431,166.66666666666666,60.0,56.666666666666664,167.00425484268277,42.919801988521414,57.81486129760742,86.58108520507812,54.89998626708984
2016-05-15 04:00:00,51.666666666666664,97.52798298634431,166.66666666666666,60.0,50.0,167.0417646400179,41.83934362731586,56.831443786621094,100.30016326904297,55.50887298583984
2016-05-15 05:00:00,56.666666666666664,97.52798298634431,166.66666666666666,56.666666666666664,56.666666666666664,167.07927443735304,50.485041492333686,58.9915885925293,119.07012176513672,57.1023063659668
2016-05-15 06:00:00,51.666666666666664,97.52798298634431,166.66666666666666,63.333333333333336,50.0,167.11678423468817,60.65705274459774,86.10062408447266,126.4759292602539,62.65634536743164
2016-05-15 07:00:00,93.33333333333333,97.52798298634431,166.66666666666666,113.33333333333333,60.0,167.15429403202327,86.76428495184363,110.55448150634766,158.7036895751953,75.31027221679688
2016-05-15 08:00:00,118.33333333333333,97.52798298634431,166.66666666666666,133.33333333333334,183.33333333333334,167.1918038293584,99.80843811082156,150.10313415527344,169.20046997070312,100.37466430664062
2016-05-15 09:00:00,101.66666666666667,97.52798298634431,166.66666666666666,118.33333333333333,143.33333333333334,167.22931362669354,86.15294166282789,141.1511993408203,163.43667602539062,95.123779296875
2016-05-15 10:00:00,108.33333333333333,97.52798298634431,166.66666666666666,158.33333333333334,135.0,167.26682342402864,90.8267112300806,159.2018585205078,166.85992431640625,87.91356658935547
2016-05-15 11:00:00,105.0,97.52798298634431,166.66666666666666,96.66666666666667,50.0,167.30433322136378,93.09551384809865,131.72410583496094,126.66261291503906,82.77628326416016
2016-05-15 12:00:00,96.66666666666667,97.52798298634431,166.66666666666666,116.66666666666667,56.666666666666664,167.3418430186989,90.4468606039116,115.64220428466797,129.56771850585938,77.27824401855469
2016-05-15 13:00:00,136.66666666666666,97.52798298634431,166.66666666666666,113.33333333333333,56.666666666666664,167.37935281603404,84.57607143669854,128.26953125,128.6597900390625,75.61014556884766
2016-05-15 14:00:00,88.33333333333333,97.52798298634431,166.66666666666666,106.66666666666667,56.666666666666664,167.41686261336915,84.5928714825892,107.32836151123047,124.31060028076172,72.71434020996094
2016-05-15 15:00:00,93.33333333333333,97.52798298634431,166.66666666666666,130.0,50.0,167.45437241070428,80.0572877210872,111.2430419921875,123.89276123046875,72.55158996582031
2016-05-15 16:00:00,143.33333333333334,97.52798298634431,166.66666666666666,111.66666666666667,55.0,167.4918822080394,104.18563267438682,173.96092224121094,147.95191955566406,90.3871078491211
2016-05-15 17:00:00,236.66666666666666,97.52798298634431,166.66666666666666,241.66666666666666,56.666666666666664,167.52939200537452,152.7537790855621,237.73202514648438,184.71278381347656,150.3138427734375
2016-05-15 18:00:00,98.33333333333333,97.52798298634431,166.66666666666666,166.66666666666666,50.0,167.56690180270965,140.13403090928696,270.3650817871094,187.9920196533203,127.59593963623048
2016-05-15 19:00:00,96.66666666666667,97.46169220519654,98.33333333333333,90.0,60.0,98.34777296456735,103.90017560607049,129.04676818847656,135.15338134765625,102.99141693115234
2016-05-15 20:00:00,246.66666666666666,97.46169220519654,98.33333333333333,86.66666666666667,78.33333333333333,98.3622125958014,85.55677241131039,108.85603332519531,113.02851104736328,84.91751861572266
2016-05-15 21:00:00,203.33333333333334,97.46169220519654,98.33333333333333,75.0,63.333333333333336,98.37665222703542,65.61313545211193,80.58964538574219,107.11954498291016,68.26972961425781
2016-05-15 22:00:00,86.66666666666667,97.46169220519654,98.33333333333333,61.666666666666664,58.333333333333336,98.39109185826946,59.43187925683857,58.48442840576172,74.97191619873047,61.453224182128906
2016-05-15 23:00:00,83.33333333333333,97.46169220519654,98.33333333333333,48.333333333333336,53.333333333333336,98.40553148950349,54.64711903134446,55.19736099243164,68.7475357055664,57.78865814208984
2016-05-16 00:00:00,61.666666666666664,97.46169220519654,98.33333333333333,53.333333333333336,55.0,98.41997112073753,57.22392556044385,54.69296646118164,65.30863952636719,55.70376205444336
2016-05-16 01:00:00,53.333333333333336,97.46169220519654,98.33333333333333,55.0,58.333333333333336,98.43441075197155,57.03187943196972,53.65746307373047,61.88702392578125,55.04092025756836
2016-05-16 02:00:00,56.666666666666664,97.46169220519654,98.33333333333333,51.666666666666664,55.0,98.4488503832056,57.51997359487314,53.955989837646484,63.41493606567383,54.31891250610352
2016-05-16 03:00:00,53.333333333333336,97.46169220519654,98.33333333333333,40.0,53.333333333333336,98.46329001443962,56.86432058183127,53.43543243408203,62.60868453979492,54.0628662109375
2016-05-16 04:00:00,55.0,97.46169220519654,98.33333333333333,51.666666666666664,56.666666666666664,98.47772964567366,56.538531304605954,52.822235107421875,61.68406677246094,55.75746154785156
2016-05-16 05:00:00,51.666666666666664,97.46169220519654,98.33333333333333,56.666666666666664,65.0,98.49216927690769,65.13261756779704,56.05185317993164,66.33065032958984,59.20927429199219
2016-05-16 06:00:00,53.333333333333336,97.46169220519654,98.33333333333333,51.666666666666664,55.0,98.50660890814173,73.62958426404045,55.96176528930664,63.47768020629883,62.07368469238281
2016-05-16 07:00:00,61.666666666666664,97.46169220519654,98.33333333333333,93.33333333333333,56.666666666666664,98.52104853937576,97.70270861799659,70.30817413330078,89.08939361572266,65.21390533447266
2016-05-16 08:00:00,88.33333333333333,97.46169220519654,98.33333333333333,118.33333333333333,61.666666666666664,98.5354881706098,107.95046166621015,109.78423309326172,115.23612213134766,66.20659637451172
2016-05-16 09:00:00,70.0,97.46169220519654,98.33333333333333,101.66666666666667,66.66666666666667,98.54992780184382,89.9740610978745,130.69317626953125,106.22759246826172,62.78800964355469
2016-05-16 10:00:00,148.33333333333334,97.46169220519654,98.33333333333333,108.33333333333333,55.0,98.56436743307786,91.0600417262421,168.2519989013672,156.45909118652344,62.94858551025391
2016-05-16 11:00:00,103.33333333333333,97.46169220519654,98.33333333333333,105.0,61.666666666666664,98.57880706431189,92.17101844127717,145.379638671875,123.5754623413086,64.81852722167969
2016-05-16 12:00:00,206.66666666666666,97.46169220519654,98.33333333333333,96.66666666666667,135.0,98.59324669554593,89.59412589175139,107.65695190429688,127.0976791381836,67.2696762084961
2016-05-16 13:00:00,266.6666666666667,97.46169220519654,98.33333333333333,136.66666666666666,173.33333333333334,98.60768632677996,88.09858525633376,134.66136169433594,123.8832015991211,71.05606079101562
2016-05-16 14:00:00,88.33333333333333,97.46169220519654,98.33333333333333,88.33333333333333,88.33333333333333,98.622125958014,86.60090706203323,102.33843231201172,120.9073486328125,69.85574340820312
2016-05-16 15:00:00,111.66666666666667,97.46169220519654,98.33333333333333,93.33333333333333,70.0,98.63656558924802,82.03718136361277,119.41759490966797,132.5000762939453,68.35968017578125
2016-05-16 16:00:00,88.33333333333333,97.46169220519654,98.33333333333333,143.33333333333334,78.33333333333333,98.65100522048206,107.59933404183093,130.43092346191406,139.73851013183594,98.79222869873048
2016-05-16 17:00:00,243.33333333333334,97.46169220519654,98.33333333333333,236.66666666666666,268.3333333333333,98.66544485171609,158.76745012495314,202.79388427734375,203.96556091308594,163.48977661132812
2016-05-16 18:00:00,155.0,97.46169220519654,98.33333333333333,98.33333333333333,120.0,98.67988448295013,141.74138043039264,149.43212890625,164.73049926757812,134.04164123535156
2016-05-16 19:00:00,115.0,97.59198061246973,155.0,96.66666666666667,110.0,155.03305785123968,122.54221415910719,135.16400146484375,123.2596435546875,117.39949035644533
2016-05-16 20:00:00,96.66666666666667,97.59198061246973,155.0,246.66666666666666,95.0,155.06611570247935,113.86922149533115,129.45401000976562,144.30474853515625,99.64242553710938
2016-05-16 21:00:00,68.33333333333333,97.59198061246973,155.0,203.33333333333334,71.66666666666667,155.099173553719,82.49194576787463,99.64403533935547,96.5902328491211,78.27955627441406
2016-05-16 22:00:00,46.666666666666664,97.59198061246973,155.0,86.66666666666667,71.66666666666667,155.13223140495867,70.48320360728707,73.74724578857422,76.87297821044922,67.46083068847656
2016-05-16 23:00:00,60.0,97.59198061246973,155.0,83.33333333333333,60.0,155.16528925619835,63.61766729308045,71.25614929199219,71.84969329833984,60.52452850341797
2016-05-17 00:00:00,50.0,97.59198061246973,155.0,61.666666666666664,51.666666666666664,155.19834710743802,60.423441698769174,59.94222640991211,59.239219665527344,56.967552185058594
2016-05-17 01:00:00,55.0,97.59198061246973,155.0,53.333333333333336,55.0,155.23140495867767,59.78993097990762,51.982547760009766,51.646121978759766,54.18010330200195
2016-05-17 02:00:00,51.666666666666664,97.59198061246973,155.0,56.666666666666664,56.666666666666664,155.26446280991735,59.74889477057432,51.267425537109375,52.644954681396484,53.0267219543457
2016-05-17 03:00:00,53.333333333333336,97.59198061246973,155.0,53.333333333333336,56.666666666666664,155.29752066115702,62.16198179839536,51.38966751098633,50.50817108154297,51.7172966003418
2016-05-17 04:00:00,53.333333333333336,97.59198061246973,155.0,55.0,50.0,155.3305785123967,63.911536209382085,52.92310333251953,99.33003997802734,52.15234756469727
2016-05-17 05:00:00,58.333333333333336,97.59198061246973,155.0,51.666666666666664,71.66666666666667,155.36363636363637,67.93485939406423,59.22188186645508,96.87262725830078,55.80474853515625
2016-05-17 06:00:00,56.666666666666664,97.59198061246973,155.0,53.333333333333336,63.333333333333336,155.39669421487602,74.64371375639794,65.18932342529297,84.32308197021484,58.554229736328125
2016-05-17 07:00:00,65.0,97.59198061246973,155.0,61.666666666666664,60.0,155.4297520661157,100.20327504576164,77.10087585449219,97.90962219238281,60.77525329589844
2016-05-17 08:00:00,56.666666666666664,97.59198061246973,155.0,88.33333333333333,56.666666666666664,155.46280991735537,113.9818879338336,93.78545379638672,91.25910949707031,56.35689163208008
2016-05-17 09:00:00,51.666666666666664,97.59198061246973,155.0,70.0,55.0,155.49586776859505,99.50147196910766,84.9222412109375,89.91609954833984,54.79103088378906
2016-05-17 10:00:00,53.333333333333336,97.59198061246973,155.0,148.33333333333334,53.333333333333336,155.52892561983472,109.46041054570169,87.82939910888672,93.54630279541016,56.91569519042969
2016-05-17 11:00:00,51.666666666666664,97.59198061246973,155.0,103.33333333333333,56.666666666666664,155.56198347107437,112.72163376080182,83.7882080078125,91.12117767333984,56.36559677124024
2016-05-17 12:00:00,53.333333333333336,97.59198061246973,155.0,206.66666666666666,58.333333333333336,155.59504132231405,116.89721329421204,80.48353576660156,96.25231170654297,62.31497573852539
2016-05-17 13:00:00,41.666666666666664,97.59198061246973,155.0,266.6666666666667,53.333333333333336,155.62809917355372,114.93127813790107,80.57157135009766,96.86040496826172,66.9240493774414
2016-05-17 14:00:00,53.333333333333336,97.59198061246973,155.0,88.33333333333333,53.333333333333336,155.6611570247934,101.48960785977215,79.4969482421875,93.00370788574219,63.33143997192383
2016-05-17 15:00:00,51.666666666666664,97.59198061246973,155.0,111.66666666666667,56.666666666666664,155.69421487603304,97.95293954137881,85.57762908935547,101.82396697998047,63.35690689086914
2016-05-17 16:00:00,66.66666666666667,97.59198061246973,155.0,88.33333333333333,63.333333333333336,155.72727272727272,118.45407386740312,90.18386840820312,110.14556121826172,85.05397033691406
2016-05-17 17:00:00,153.33333333333334,97.59198061246973,155.0,243.33333333333334,126.66666666666667,155.7603305785124,173.78531050746324,160.3267822265625,182.94325256347656,144.27645874023438
2016-05-17 18:00:00,100.0,97.59198061246973,155.0,155.0,101.66666666666667,155.79338842975207,152.28107623190684,165.52349853515625,142.7568817138672,127.6338348388672
2016-05-17 19:00:00,123.33333333333333,97.33661202185793,100.0,115.0,105.0,100.0147589373565,89.23856660098133,128.29246520996094,121.05023956298828,100.88738250732422
2016-05-17 20:00:00,118.33333333333333,97.33661202185793,100.0,96.66666666666667,95.0,100.02951787471302,88.37720592000116,93.21125030517578,95.20926666259766,82.574462890625
2016-05-17 21:00:00,65.0,97.33661202185793,100.0,68.33333333333333,68.33333333333333,100.04427681206953,67.93227214139216,75.64814758300781,73.90776824951172,62.51486587524414
2016-05-17 22:00:00,46.666666666666664,97.33661202185793,100.0,46.666666666666664,58.333333333333336,100.05903574942604,56.39980073990522,64.03225708007812,60.191654205322266,55.50535583496094
2016-05-17 23:00:00,55.0,97.33661202185793,100.0,60.0,56.666666666666664,100.07379468678255,55.21061988530731,59.71348571777344,56.87812042236328,52.617706298828125
2016-05-18 00:00:00,51.666666666666664,97.33661202185793,100.0,50.0,51.666666666666664,100.08855362413907,56.990467660329074,62.306549072265625,49.53273010253906,52.37814331054688
2016-05-18 01:00:00,53.333333333333336,97.33661202185793,100.0,55.0,56.666666666666664,100.10331256149557,55.8513861678666,58.94459915161133,50.569122314453125,51.9680290222168
2016-05-18 02:00:00,55.0,97.33661202185793,100.0,51.666666666666664,56.666666666666664,100.11807149885209,51.29806394899097,53.13221740722656,47.30724334716797,51.599029541015625
2016-05-18 03:00:00,51.666666666666664,97.33661202185793,100.0,53.333333333333336,53.333333333333336,100.1328304362086,52.32214635003926,56.83332824707031,51.53169631958008,50.4583740234375
2016-05-18 04:00:00,51.666666666666664,97.33661202185793,100.0,53.333333333333336,51.666666666666664,100.1475893735651,57.50692547236768,54.77370071411133,52.841514587402344,50.60921096801758
2016-05-18 05:00:00,65.0,97.33661202185793,100.0,58.333333333333336,68.33333333333333,100.16234831092162,66.59873855581901,65.91193389892578,60.28626251220703,56.38287353515625
2016-05-18 06:00:00,70.0,97.33661202185793,100.0,56.666666666666664,110.0,100.17710724827812,74.51902114664979,64.6985855102539,66.54695129394531,64.76487731933594
2016-05-18 07:00:00,53.333333333333336,97.33661202185793,100.0,65.0,76.66666666666667,100.19186618563464,98.67704126731758,83.94269561767578,77.71094512939453,97.4442901611328
2016-05-18 08:00:00,61.666666666666664,97.33661202185793,100.0,56.666666666666664,161.66666666666666,100.20662512299114,112.44110760712788,106.8693618774414,102.73493194580078,97.74726104736328
2016-05-18 09:00:00,65.0,97.33661202185793,100.0,51.666666666666664,65.0,100.22138406034766,100.98962172439596,109.67117309570312,97.28202056884766,80.99882507324219
2016-05-18 10:00:00,58.333333333333336,97.33661202185793,100.0,53.333333333333336,63.333333333333336,100.23614299770416,110.92330625987191,118.75764465332031,102.25289916992188,75.44134521484375
2016-05-18 11:00:00,70.0,97.33661202185793,100.0,51.666666666666664,55.0,100.25090193506068,111.08113314283815,107.66761016845703,101.72140502929688,70.19268035888672
2016-05-18 12:00:00,56.666666666666664,97.33661202185793,100.0,53.333333333333336,56.666666666666664,100.26566087241719,112.25631401373789,108.49886322021484,92.01049041748047,72.79451751708984
2016-05-18 13:00:00,86.66666666666667,97.33661202185793,100.0,41.666666666666664,73.33333333333333,100.28041980977369,109.46556308641496,96.84501647949219,83.87187194824219,74.98664093017578
2016-05-18 14:00:00,81.66666666666667,97.33661202185793,100.0,53.333333333333336,80.0,100.29517874713021,100.26334214083238,98.75316619873047,77.08460998535156,73.67677307128906
2016-05-18 15:00:00,83.33333333333333,97.33661202185793,100.0,51.666666666666664,76.66666666666667,100.30993768448671,97.03863728586484,83.1439437866211,78.84077453613281,75.48933410644531
2016-05-18 16:00:00,105.0,97.33661202185793,100.0,66.66666666666667,75.0,100.32469662184323,115.86368852543671,89.46941375732422,90.00700378417969,94.11104583740234
2016-05-18 17:00:00,118.33333333333333,97.33661202185793,100.0,153.33333333333334,91.66666666666667,100.33945555919973,169.49367357599544,150.21954345703125,131.13882446289062,160.8156280517578
2016-05-18 18:00:00,178.33333333333334,97.33661202185793,100.0,100.0,101.66666666666667,100.35421449655625,146.1315390322128,186.16079711914062,157.9893035888672,146.05340576171875
2016-05-18 19:00:00,143.33333333333334,97.17035350249402,178.33333333333334,123.33333333333333,95.0,178.37346783816034,112.42421171039912,161.41839599609375,123.21599578857422,118.34532165527344
2016-05-18 20:00:00,223.33333333333334,97.17035350249402,178.33333333333334,118.33333333333333,85.0,178.41360234298733,114.2388541254047,134.07810974121094,115.0221939086914,92.674072265625
2016-05-18 21:00:00,81.66666666666667,97.17035350249402,178.33333333333334,65.0,61.666666666666664,178.4537368478143,81.2127017845232,82.01862335205078,70.50855255126953,67.4942855834961
2016-05-18 22:00:00,51.666666666666664,97.17035350249402,178.33333333333334,46.666666666666664,55.0,178.4938713526413,63.0686405698943,56.96547317504883,65.13362884521484,56.65254974365234
2016-05-18 23:00:00,56.666666666666664,97.17035350249402,178.33333333333334,55.0,56.666666666666664,178.5340058574683,62.622643515178694,52.83811569213867,60.566890716552734,52.330753326416016
2016-05-19 00:00:00,51.666666666666664,97.17035350249402,178.33333333333334,51.666666666666664,56.666666666666664,178.57414036229528,55.7687618930395,52.01078414916992,57.46175765991211,52.27934265136719
2016-05-19 01:00:00,51.666666666666664,97.17035350249402,178.33333333333334,53.333333333333336,56.666666666666664,178.61427486712225,55.82339972387645,54.04112243652344,52.016357421875,52.88805770874024
2016-05-19 02:00:00,50.0,97.17035350249402,178.33333333333334,55.0,56.666666666666664,178.65440937194924,55.211558770962824,53.85342025756836,52.99018478393555,51.55524826049805
2016-05-19 03:00:00,51.666666666666664,97.17035350249402,178.33333333333334,51.666666666666664,50.0,178.69454387677624,55.62686433730458,53.69741439819336,53.268341064453125,50.32001495361328
2016-05-19 04:00:00,56.666666666666664,97.17035350249402,178.33333333333334,51.666666666666664,56.666666666666664,178.73467838160323,56.79929241415655,56.34180450439453,50.47380828857422,49.37516021728516
2016-05-19 05:00:00,55.0,97.17035350249402,178.33333333333334,65.0,61.666666666666664,178.7748128864302,62.861567650382725,57.81170654296875,58.691139221191406,53.045806884765625
2016-05-19 06:00:00,58.333333333333336,97.17035350249402,178.33333333333334,70.0,48.333333333333336,178.8149473912572,69.35852198834797,59.33720016479492,56.21721649169922,68.25875091552734
2016-05-19 07:00:00,50.0,97.17035350249402,178.33333333333334,53.333333333333336,58.333333333333336,178.8550818960842,90.90135376368997,64.25819396972656,59.22280502319336,110.26142120361328
2016-05-19 08:00:00,53.333333333333336,97.17035350249402,178.33333333333334,61.666666666666664,51.666666666666664,178.89521640091118,103.02118262653154,76.6097640991211,68.18375396728516,116.38188934326172
2016-05-19 09:00:00,36.666666666666664,97.17035350249402,178.33333333333334,65.0,48.333333333333336,178.93535090573815,90.01802097744152,87.24654388427734,81.29031372070312,83.41520690917969
2016-05-19 10:00:00,55.0,97.17035350249402,178.33333333333334,58.333333333333336,58.333333333333336,178.97548541056514,96.94905936678849,85.60839080810547,84.19393920898438,79.31788635253906
2016-05-19 11:00:00,51.666666666666664,97.17035350249402,178.33333333333334,70.0,50.0,179.01561991539214,97.41583819389591,89.89087677001953,90.41610717773438,80.11551666259766
2016-05-19 12:00:00,55.0,97.17035350249402,178.33333333333334,56.666666666666664,55.0,179.05575442021913,100.67469776113093,85.38740539550781,87.11661529541016,85.26846313476562
2016-05-19 13:00:00,50.0,97.17035350249402,178.33333333333334,86.66666666666667,56.666666666666664,179.0958889250461,103.38971398157031,88.34872436523438,89.00305938720703,89.02933502197266
2016-05-19 14:00:00,63.333333333333336,97.17035350249402,178.33333333333334,81.66666666666667,56.666666666666664,179.1360234298731,94.44060708531391,91.83979797363281,84.64674377441406,82.93738555908203
2016-05-19 15:00:00,81.66666666666667,97.17035350249402,178.33333333333334,83.33333333333333,68.33333333333333,179.1761579347001,92.24112585354288,98.30667877197266,86.83079528808594,81.2809066772461
2016-05-19 16:00:00,90.0,97.17035350249402,178.33333333333334,105.0,118.33333333333333,179.21629243952708,112.70833338157817,102.72095489501953,96.04371643066406,119.00787353515624
2016-05-19 17:00:00,208.33333333333334,97.17035350249402,178.33333333333334,118.33333333333333,208.33333333333334,179.25642694435405,168.56969756500592,161.6403350830078,140.95260620117188,203.16305541992188
2016-05-19 18:00:00,120.0,97.17035350249402,178.33333333333334,178.33333333333334,105.0,179.29656144918104,151.8595213160184,187.27207946777344,198.28285217285156,192.6680908203125
2016-05-19 19:00:00,98.33333333333333,97.0136647299333,120.0,143.33333333333334,123.33333333333333,120.02098805295448,114.39186907506054,117.50005340576172,169.0520477294922,112.53781127929688
2016-05-19 20:00:00,118.33333333333333,97.0136647299333,120.0,223.33333333333334,100.0,120.04197610590894,110.93072701141499,128.074951171875,124.6295394897461,89.46654510498047
2016-05-19 21:00:00,66.66666666666667,97.0136647299333,120.0,81.66666666666667,71.66666666666667,120.06296415886342,81.53036850519197,87.47132110595703,102.87792205810547,65.39863586425781
2016-05-19 22:00:00,50.0,97.0136647299333,120.0,51.666666666666664,60.0,120.08395221181789,66.36697833228861,59.10664367675781,65.66718292236328,55.6440544128418
2016-05-19 23:00:00,56.666666666666664,97.0136647299333,120.0,56.666666666666664,56.666666666666664,120.10494026477237,59.243898689683114,51.56406784057617,61.99245071411133,52.79920196533203
2016-05-20 00:00:00,51.666666666666664,97.0136647299333,120.0,51.666666666666664,55.0,120.12592831772683,57.15521485343001,50.764217376708984,57.39967346191406,51.991695404052734
2016-05-20 01:00:00,51.666666666666664,97.0136647299333,120.0,51.666666666666664,53.333333333333336,120.14691637068131,55.91697175523561,51.12682342529297,53.7100715637207,51.24607849121094
2016-05-20 02:00:00,36.666666666666664,97.0136647299333,120.0,50.0,58.333333333333336,120.16790442363578,56.028573911453854,51.242488861083984,52.36827850341797,51.49716567993164
2016-05-20 03:00:00,58.333333333333336,97.0136647299333,120.0,51.666666666666664,58.333333333333336,120.18889247659025,59.034065492021114,52.561927795410156,51.125919342041016,50.76023864746094
2016-05-20 04:00:00,51.666666666666664,97.0136647299333,120.0,56.666666666666664,50.0,120.20988052954472,62.8241379293018,52.54724884033203,51.376182556152344,48.88851547241211
2016-05-20 05:00:00,61.666666666666664,97.0136647299333,120.0,55.0,58.333333333333336,120.2308685824992,71.84312334715537,73.65167999267578,53.47562026977539,51.89291763305664
2016-05-20 06:00:00,66.66666666666667,97.0136647299333,120.0,58.333333333333336,146.66666666666666,120.25185663545366,80.17235401009863,111.87284088134766,61.30784606933594,71.31192779541016
2016-05-20 07:00:00,80.0,97.0136647299333,120.0,50.0,176.66666666666666,120.27284468840814,99.67212023225454,164.3883819580078,88.42071533203125,137.7593994140625
2016-05-20 08:00:00,126.66666666666667,97.0136647299333,120.0,53.333333333333336,338.3333333333333,120.2938327413626,112.15400941369279,240.24676513671875,142.93350219726562,137.77392578125
2016-05-20 09:00:00,73.33333333333333,97.0136647299333,120.0,36.666666666666664,93.33333333333333,120.31482079431709,100.08397711301804,243.45474243164062,122.2421646118164,101.94798278808594
2016-05-20 10:00:00,81.66666666666667,97.0136647299333,120.0,55.0,73.33333333333333,120.33580884727155,106.64202660473997,223.3396759033203,154.6665802001953,102.29049682617188
2016-05-20 11:00:00,73.33333333333333,97.0136647299333,120.0,51.666666666666664,355.0,120.35679690022603,106.8376234781827,248.82315063476562,148.10369873046875,117.26329040527344
2016-05-20 12:00:00,71.66666666666667,97.0136647299333,120.0,55.0,301.6666666666667,120.3777849531805,109.66300009654489,228.12362670898438,134.59474182128906,121.21232604980467
2016-05-20 13:00:00,61.666666666666664,97.0136647299333,120.0,50.0,268.3333333333333,120.39877300613497,111.21731895686412,179.17706298828125,124.49752044677734,121.87056732177734
2016-05-20 14:00:00,60.0,97.0136647299333,120.0,63.333333333333336,318.3333333333333,120.41976105908944,102.50807251475597,201.35818481445312,121.7542953491211,113.1263198852539
2016-05-20 15:00:00,46.666666666666664,97.0136647299333,120.0,81.66666666666667,201.66666666666666,120.44074911204392,99.74437751204476,169.04409790039062,113.23826599121094,104.3008804321289
2016-05-20 16:00:00,48.333333333333336,97.0136647299333,120.0,90.0,351.6666666666667,120.46173716499838,120.68854472460335,198.0182647705078,139.7383270263672,126.57838439941406
2016-05-20 17:00:00,75.0,97.0136647299333,120.0,208.33333333333334,231.66666666666666,120.48272521795286,177.1548641941655,197.07484436035156,155.6072998046875,183.72259521484372
2016-05-20 18:00:00,78.33333333333333,97.0136647299333,120.0,120.0,348.3333333333333,120.50371327090733,154.81579722072703,218.40428161621094,205.76715087890625,170.16807556152344
2016-05-20 19:00:00,65.0,96.79478966474481,78.33333333333333,98.33333333333333,208.33333333333334,78.34080956958239,66.68637764225613,123.3448486328125,113.82188415527344,76.63544464111328
2016-05-20 20:00:00,70.0,96.79478966474481,78.33333333333333,118.33333333333333,120.0,78.34828580583147,78.77237459082637,101.65389251708984,98.38909912109375,69.69876098632812
2016-05-20 21:00:00,65.0,96.79478966474481,78.33333333333333,66.66666666666667,63.333333333333336,78.35576204208053,55.645596138275664,88.83688354492188,79.81332397460938,58.41023254394531
2016-05-20 22:00:00,53.333333333333336,96.79478966474481,78.33333333333333,50.0,55.0,78.36323827832959,48.17774586316244,65.92163848876953,65.05550384521484,51.792423248291016
2016-05-20 23:00:00,45.0,96.79478966474481,78.33333333333333,56.666666666666664,61.666666666666664,78.37071451457865,56.82812367999594,56.12580490112305,61.22475051879883,50.077972412109375
2016-05-21 00:00:00,48.333333333333336,96.79478966474481,78.33333333333333,51.666666666666664,58.333333333333336,78.37819075082773,62.161389447512576,56.166282653808594,61.53834915161133,51.2960319519043
2016-05-21 01:00:00,51.666666666666664,96.79478966474481,78.33333333333333,51.666666666666664,63.333333333333336,78.38566698707679,66.92635989262939,58.95219802856445,64.40758514404297,51.29314041137695
2016-05-21 02:00:00,56.666666666666664,96.79478966474481,78.33333333333333,36.666666666666664,60.0,78.39314322332585,68.96278997155854,58.43831253051758,62.610755920410156,50.23379135131836
2016-05-21 03:00:00,48.333333333333336,96.79478966474481,78.33333333333333,58.333333333333336,60.0,78.40061945957491,69.92135261311861,62.57450485229492,65.4811019897461,50.32537460327149
2016-05-21 04:00:00,56.666666666666664,96.79478966474481,78.33333333333333,51.666666666666664,60.0,78.40809569582399,69.7348891146948,70.21411895751953,68.40719604492188,50.67119598388672
2016-05-21 05:00:00,51.666666666666664,96.79478966474481,78.33333333333333,61.666666666666664,56.666666666666664,78.41557193207305,75.99388614004116,86.99608612060547,81.9190673828125,50.64958190917969
2016-05-21 06:00:00,60.0,96.79478966474481,78.33333333333333,66.66666666666667,63.333333333333336,78.42304816832211,83.93713752417534,92.08915710449219,85.80419158935547,57.64345932006836
2016-05-21 07:00:00,56.666666666666664,96.79478966474481,78.33333333333333,80.0,113.33333333333333,78.43052440457117,104.13323403601748,132.15293884277344,111.09757232666016,73.71659851074219
2016-05-21 08:00:00,208.33333333333334,96.79478966474481,78.33333333333333,126.66666666666667,133.33333333333334,78.43800064082025,118.39286832889007,153.15341186523438,119.43316650390625,93.44523620605467
2016-05-21 09:00:00,310.0,96.79478966474481,78.33333333333333,73.33333333333333,118.33333333333333,78.44547687706931,105.26561024552183,162.4611053466797,150.02294921875,87.6220703125
2016-05-21 10:00:00,383.3333333333333,96.79478966474481,78.33333333333333,81.66666666666667,158.33333333333334,78.45295311331837,113.3161196117939,169.16015625,141.40975952148438,82.60151672363281
2016-05-21 11:00:00,431.6666666666667,96.79478966474481,78.33333333333333,73.33333333333333,96.66666666666667,78.46042934956745,113.25608025785681,149.27984619140625,156.4619598388672,77.55408477783203
2016-05-21 12:00:00,228.33333333333334,96.79478966474481,78.33333333333333,71.66666666666667,116.66666666666667,78.46790558581651,116.32839897431059,151.60995483398438,139.33216857910156,74.54904174804688
2016-05-21 13:00:00,343.3333333333333,96.79478966474481,78.33333333333333,61.666666666666664,113.33333333333333,78.47538182206557,117.4515775146722,174.27085876464844,141.86093139648438,74.39649963378906
2016-05-21 14:00:00,303.3333333333333,96.79478966474481,78.33333333333333,60.0,106.66666666666667,78.48285805831463,110.84019444418274,158.17572021484375,133.57913208007812,72.4421615600586
2016-05-21 15:00:00,361.6666666666667,96.79478966474481,78.33333333333333,46.666666666666664,130.0,78.49033429456371,109.42372074429818,158.71994018554688,132.9202880859375,71.3813705444336
2016-05-21 16:00:00,100.0,96.79478966474481,78.33333333333333,48.333333333333336,111.66666666666667,78.49781053081277,128.5424435894177,165.74388122558594,172.59185791015625,79.63339233398438
2016-05-21 17:00:00,95.0,96.79478966474481,78.33333333333333,75.0,241.66666666666666,78.50528676706183,183.8414799495055,187.26893615722656,195.12953186035156,120.95245361328124
2016-05-21 18:00:00,125.0,96.79478966474481,78.33333333333333,78.33333333333333,166.66666666666666,78.5127630033109,164.00382568260832,176.85751342773438,208.11561584472656,108.74736785888672
2016-05-21 19:00:00,108.33333333333333,97.20650561559653,125.0,65.0,90.0,125.02225755166931,95.21786109954009,136.73486328125,130.75144958496094,96.39073181152344
2016-05-21 20:00:00,95.0,97.20650561559653,125.0,70.0,86.66666666666667,125.04451510333864,107.82613370220882,114.93915557861328,122.91218566894531,78.46105194091797
2016-05-21 21:00:00,135.0,97.20650561559653,125.0,65.0,75.0,125.06677265500795,77.19556943279002,91.40299987792969,94.24449920654297,62.22761154174805
2016-05-21 22:00:00,73.33333333333333,97.20650561559653,125.0,53.333333333333336,61.666666666666664,125.08903020667726,73.7924714254356,65.62841033935547,61.067543029785156,55.31339263916016
2016-05-21 23:00:00,148.33333333333334,97.20650561559653,125.0,45.0,48.333333333333336,125.11128775834658,80.06677624695158,61.282840728759766,59.17774963378906,52.48999786376953
2016-05-22 00:00:00,60.0,97.20650561559653,125.0,48.333333333333336,53.333333333333336,125.1335453100159,80.17550601101316,59.950950622558594,52.250797271728516,52.10538864135742
2016-05-22 01:00:00,56.666666666666664,97.20650561559653,125.0,51.666666666666664,55.0,125.15580286168522,85.931866709887,55.94784164428711,52.75458526611328,51.99127197265625
2016-05-22 02:00:00,51.666666666666664,97.20650561559653,125.0,56.666666666666664,51.666666666666664,125.17806041335453,86.5718483489548,56.78609085083008,56.078712463378906,50.85227966308594
2016-05-22 03:00:00,53.333333333333336,97.20650561559653,125.0,48.333333333333336,40.0,125.20031796502384,86.57315718598842,59.82490921020508,53.35898971557617,51.3931884765625
2016-05-22 04:00:00,55.0,97.20650561559653,125.0,56.666666666666664,51.666666666666664,125.22257551669317,85.42036769257095,61.153751373291016,53.96851348876953,51.65473937988281
2016-05-22 05:00:00,50.0,97.20650561559653,125.0,51.666666666666664,56.666666666666664,125.24483306836248,88.1571853582113,68.34747314453125,57.99494934082031,52.22365951538086
2016-05-22 06:00:00,58.333333333333336,97.20650561559653,125.0,60.0,51.666666666666664,125.2670906200318,94.19993777416596,88.70539855957031,60.051612854003906,58.34453201293945
2016-05-22 07:00:00,63.333333333333336,97.20650561559653,125.0,56.666666666666664,93.33333333333333,125.2893481717011,110.91624963977779,110.70572662353516,92.81614685058594,74.15438842773438
2016-05-22 08:00:00,190.0,97.20650561559653,125.0,208.33333333333334,118.33333333333333,125.31160572337043,128.76481478488125,150.30496215820312,127.38662719726562,97.49440002441406
2016-05-22 09:00:00,113.33333333333333,97.20650561559653,125.0,310.0,101.66666666666667,125.33386327503975,118.69766983645559,189.67982482910156,154.26773071289062,86.52125549316406
2016-05-22 10:00:00,201.66666666666666,97.20650561559653,125.0,383.3333333333333,108.33333333333333,125.35612082670906,128.59415007917258,168.76185607910156,157.1049041748047,82.46875
2016-05-22 11:00:00,343.3333333333333,97.20650561559653,125.0,431.6666666666667,105.0,125.37837837837837,128.82182735935385,185.26559448242188,207.69415283203125,83.91362762451172
2016-05-22 12:00:00,126.66666666666667,97.20650561559653,125.0,228.33333333333334,96.66666666666667,125.4006359300477,118.18565992365339,160.55894470214844,168.74009704589844,87.92084503173828
2016-05-22 13:00:00,103.33333333333333,97.20650561559653,125.0,343.3333333333333,136.66666666666666,125.42289348171701,122.15685309420212,166.47567749023438,211.26426696777344,88.92140197753906
2016-05-22 14:00:00,106.66666666666667,97.20650561559653,125.0,303.3333333333333,88.33333333333333,125.44515103338632,112.4465729086895,147.63233947753906,170.63909912109375,81.83790588378906
2016-05-22 15:00:00,96.66666666666667,97.20650561559653,125.0,361.6666666666667,93.33333333333333,125.46740858505565,112.90493474432733,154.88121032714844,188.2904815673828,79.18928527832031
2016-05-22 16:00:00,88.33333333333333,97.20650561559653,125.0,100.0,143.33333333333334,125.48966613672496,116.94400631702338,167.95994567871094,185.57666015625,115.577880859375
2016-05-22 17:00:00,265.0,97.20650561559653,125.0,95.0,236.66666666666666,125.51192368839428,167.64917691225338,203.0033721923828,238.74069213867188,180.84201049804688
2016-05-22 18:00:00,120.0,97.20650561559653,125.0,125.0,98.33333333333333,125.53418124006359,150.71472462978204,176.87709045410156,225.14833068847656,138.89173889160156
2016-05-22 19:00:00,96.66666666666667,97.34227129337539,120.0,108.33333333333333,96.66666666666667,120.020511202272,130.2095853742384,163.17588806152344,152.97108459472656,110.36058044433594
2016-05-22 20:00:00,116.66666666666667,97.34227129337539,120.0,95.0,246.66666666666666,120.04102240454402,116.19626337119337,160.08827209472656,139.53829956054688,101.66961669921876
2016-05-22 21:00:00,88.33333333333333,97.34227129337539,120.0,135.0,203.33333333333334,120.06153360681603,89.02056404826098,127.10032653808594,116.2368392944336,75.75940704345703
2016-05-22 22:00:00,78.33333333333333,97.34227129337539,120.0,73.33333333333333,86.66666666666667,120.08204480908805,73.2081726476985,124.74874114990234,91.54330444335938,59.83047866821289
2016-05-22 23:00:00,60.0,97.34227129337539,120.0,148.33333333333334,83.33333333333333,120.10255601136005,71.35710446595998,125.1965560913086,86.04747772216797,55.82707214355469
2016-05-23 00:00:00,58.333333333333336,97.34227129337539,120.0,60.0,61.666666666666664,120.12306721363205,68.14452068356597,102.61552429199219,65.55709075927734,53.78823471069336
2016-05-23 01:00:00,51.666666666666664,97.34227129337539,120.0,56.666666666666664,53.333333333333336,120.14357841590407,66.34709064888719,83.66819763183594,60.918121337890625,52.937721252441406
2016-05-23 02:00:00,58.333333333333336,97.34227129337539,120.0,51.666666666666664,56.666666666666664,120.16408961817608,65.38039873145814,78.46732330322266,59.18539810180664,51.67454528808594
2016-05-23 03:00:00,51.666666666666664,97.34227129337539,120.0,53.333333333333336,53.333333333333336,120.1846008204481,65.5834577973242,75.53852844238281,60.29822540283203,52.50630569458008
2016-05-23 04:00:00,50.0,97.34227129337539,120.0,55.0,55.0,120.2051120227201,65.53142447341412,85.61669921875,63.360843658447266,51.99251174926758
2016-05-23 05:00:00,66.66666666666667,97.34227129337539,120.0,50.0,51.666666666666664,120.2256232249921,71.54922708590573,89.32925415039062,61.363250732421875,53.36614608764648
2016-05-23 06:00:00,60.0,97.34227129337539,120.0,58.333333333333336,53.333333333333336,120.24613442726412,77.80199336204463,97.45703887939453,63.8183479309082,57.85430908203125
2016-05-23 07:00:00,56.666666666666664,97.34227129337539,120.0,63.333333333333336,61.666666666666664,120.26664562953613,94.16529970339971,109.73360443115234,85.32052612304688,62.95341491699219
2016-05-23 08:00:00,51.666666666666664,97.34227129337539,120.0,190.0,88.33333333333333,120.28715683180815,118.14255262767801,122.45072937011719,122.99596405029297,69.50967407226562
2016-05-23 09:00:00,55.0,97.34227129337539,120.0,113.33333333333333,70.0,120.30766803408015,103.9423162368816,129.32693481445312,125.30599975585938,68.25514221191406
2016-05-23 10:00:00,51.666666666666664,97.34227129337539,120.0,201.66666666666666,148.33333333333334,120.32817923635216,117.21434926826518,122.08358001708984,166.4739532470703,75.08457946777344
2016-05-23 11:00:00,56.666666666666664,97.34227129337539,120.0,343.3333333333333,103.33333333333333,120.34869043862417,125.86904553556931,136.9133758544922,222.91134643554688,84.75529479980469
2016-05-23 12:00:00,61.666666666666664,97.34227129337539,120.0,126.66666666666667,206.66666666666666,120.36920164089618,105.6823027146266,126.7099609375,186.79788208007812,92.15492248535156
2016-05-23 13:00:00,56.666666666666664,97.34227129337539,120.0,103.33333333333333,266.6666666666667,120.3897128431682,110.17940268749186,139.69020080566406,131.5556182861328,97.04175567626952
2016-05-23 14:00:00,58.333333333333336,97.34227129337539,120.0,106.66666666666667,88.33333333333333,120.4102240454402,101.60361308648032,108.23714447021484,140.34034729003906,90.64594268798828
2016-05-23 15:00:00,73.33333333333333,97.34227129337539,120.0,96.66666666666667,111.66666666666667,120.4307352477122,100.65842654507037,122.35102081298828,136.4811553955078,76.94039154052734
2016-05-23 16:00:00,156.66666666666666,97.34227129337539,120.0,88.33333333333333,88.33333333333333,120.45124644998423,103.48119379083963,111.64053344726562,159.20584106445312,99.88138580322266
2016-05-23 17:00:00,380.0,97.34227129337539,120.0,265.0,243.33333333333334,120.47175765225623,159.4557612000183,187.6730499267578,263.35150146484375,162.13809204101562
2016-05-23 18:00:00,123.33333333333333,97.34227129337539,120.0,120.0,155.0,120.49226885452825,136.2880910543757,151.18423461914062,226.65940856933594,134.21775817871094
2016-05-23 19:00:00,120.0,97.24274681694845,123.33333333333333,96.66666666666667,115.0,123.35473431464662,152.60565655665914,128.20152282714844,128.84017944335938,114.87277221679688
2016-05-23 20:00:00,105.0,97.24274681694845,123.33333333333333,116.66666666666667,96.66666666666667,123.37613529595991,126.65320097248022,144.44534301757812,156.091796875,96.41405487060548
2016-05-23 21:00:00,68.33333333333333,97.24274681694845,123.33333333333333,88.33333333333333,68.33333333333333,123.3975362772732,98.33515972100093,93.98873901367188,116.0083999633789,71.34351348876953
2016-05-23 22:00:00,63.333333333333336,97.24274681694845,123.33333333333333,78.33333333333333,46.666666666666664,123.41893725858648,78.32606651357997,83.16812896728516,104.08696746826172,59.71858978271485
2016-05-23 23:00:00,58.333333333333336,97.24274681694845,123.33333333333333,60.0,60.0,123.44033823989977,69.42491220360041,70.1894302368164,90.77619171142578,55.419681549072266
2016-05-24 00:00:00,50.0,97.24274681694845,123.33333333333333,58.333333333333336,50.0,123.46173922121307,66.98092552562645,58.809383392333984,66.24024963378906,53.48817443847656
2016-05-24 01:00:00,56.666666666666664,97.24274681694845,123.33333333333333,51.666666666666664,55.0,123.48314020252636,62.39384761526137,66.70162200927734,55.35268783569336,52.65077209472656
2016-05-24 02:00:00,55.0,97.24274681694845,123.33333333333333,58.333333333333336,51.666666666666664,123.50454118383965,61.031980249061405,61.8839225769043,55.37687683105469,52.70942306518555
2016-05-24 03:00:00,53.333333333333336,97.24274681694845,123.33333333333333,51.666666666666664,53.333333333333336,123.52594216515294,60.795724684102524,56.170127868652344,56.69308853149414,52.09596252441406
2016-05-24 04:00:00,53.333333333333336,97.24274681694845,123.33333333333333,50.0,53.333333333333336,123.54734314646622,59.51050579554409,54.584617614746094,56.57491683959961,52.7705078125
2016-05-24 05:00:00,106.66666666666667,97.24274681694845,123.33333333333333,66.66666666666667,58.333333333333336,123.56874412777951,66.17508225435463,56.20571517944336,59.75817108154297,54.9170150756836
2016-05-24 06:00:00,71.66666666666667,97.24274681694845,123.33333333333333,60.0,56.666666666666664,123.5901451090928,70.81752602150644,61.93470764160156,64.06242370605469,59.22486114501953
2016-05-24 07:00:00,161.66666666666666,97.24274681694845,123.33333333333333,56.666666666666664,65.0,123.6115460904061,84.3930479092621,80.68637084960938,76.38430786132812,60.008697509765625
2016-05-24 08:00:00,56.666666666666664,97.24274681694845,123.33333333333333,51.666666666666664,56.666666666666664,123.63294707171939,106.31962449098087,92.17969512939453,97.09976196289062,58.02878189086914
2016-05-24 09:00:00,38.333333333333336,97.24274681694845,123.33333333333333,55.0,51.666666666666664,123.65434805303268,94.17060850192564,82.9774169921875,89.73043060302734,52.78981399536133
2016-05-24 10:00:00,66.66666666666667,97.24274681694845,123.33333333333333,51.666666666666664,53.333333333333336,123.67574903434596,106.01338768632276,88.04434967041016,100.74613189697266,53.735599517822266
2016-05-24 11:00:00,101.66666666666667,97.24274681694845,123.33333333333333,56.666666666666664,51.666666666666664,123.69715001565925,113.91161583776228,88.77410888671875,91.43817901611328,54.68513488769531
2016-05-24 12:00:00,128.33333333333334,97.24274681694845,123.33333333333333,61.666666666666664,53.333333333333336,123.71855099697254,96.82509000113497,86.3677749633789,96.40361785888672,56.2149543762207
2016-05-24 13:00:00,118.33333333333333,97.24274681694845,123.33333333333333,56.666666666666664,41.666666666666664,123.73995197828583,101.1815878644314,87.6771469116211,87.98712158203125,57.95370101928711
2016-05-24 14:00:00,150.0,97.24274681694845,123.33333333333333,58.333333333333336,53.333333333333336,123.76135295959912,94.43120050483455,84.90843200683594,84.92818450927734,56.95269775390625
2016-05-24 15:00:00,141.66666666666666,97.24274681694845,123.33333333333333,73.33333333333333,51.666666666666664,123.78275394091241,95.41968376548812,98.98258972167969,89.37110900878906,58.76146697998047
2016-05-24 16:00:00,141.66666666666666,97.24274681694845,123.33333333333333,156.66666666666666,66.66666666666667,123.80415492222569,101.40085190769486,124.16368103027344,117.89026641845703,84.54911804199219
2016-05-24 17:00:00,203.33333333333334,97.24274681694845,123.33333333333333,380.0,153.33333333333334,123.82555590353898,165.22967274667698,225.07351684570312,222.26730346679688,150.4193572998047
2016-05-24 18:00:00,136.66666666666666,97.24274681694845,123.33333333333333,123.33333333333333,100.0,123.84695688485228,129.6753136150027,185.6393585205078,204.57839965820312,125.92694091796876
2016-05-24 19:00:00,123.33333333333333,97.23430702299565,136.66666666666666,120.0,123.33333333333333,136.69205263703242,113.84248774945216,155.5397186279297,140.7982940673828,122.96390533447266
2016-05-24 20:00:00,96.66666666666667,97.23430702299565,136.66666666666666,105.0,118.33333333333333,136.71743860739818,107.30555929797501,137.36300659179688,114.04610443115234,103.09382629394533
2016-05-24 21:00:00,76.66666666666667,97.23430702299565,136.66666666666666,68.33333333333333,65.0,136.74282457776394,76.36839750013974,99.76927185058594,88.25443267822266,75.8888931274414
2016-05-24 22:00:00,61.666666666666664,97.23430702299565,136.66666666666666,63.333333333333336,46.666666666666664,136.76821054812973,59.37776954951932,80.30651092529297,62.23811721801758,59.9834213256836
2016-05-24 23:00:00,58.333333333333336,97.23430702299565,136.66666666666666,58.333333333333336,55.0,136.7935965184955,59.15269697198155,60.17112731933594,61.7808723449707,55.24869918823242
2016-05-25 00:00:00,53.333333333333336,97.23430702299565,136.66666666666666,50.0,51.666666666666664,136.81898248886125,53.13265011526124,53.672882080078125,64.34550476074219,53.85359954833984
2016-05-25 01:00:00,53.333333333333336,97.23430702299565,136.66666666666666,56.666666666666664,53.333333333333336,136.844368459227,53.01595226874326,52.07856750488281,65.54729461669922,53.16814422607422
2016-05-25 02:00:00,56.666666666666664,97.23430702299565,136.66666666666666,55.0,55.0,136.86975442959277,51.820897639618394,52.07802963256836,64.65767669677734,52.41430282592773
2016-05-25 03:00:00,48.333333333333336,97.23430702299565,136.66666666666666,53.333333333333336,51.666666666666664,136.89514039995854,49.49021051204564,51.68281555175781,66.88658905029297,51.96167755126953
2016-05-25 04:00:00,55.0,97.23430702299565,136.66666666666666,53.333333333333336,51.666666666666664,136.9205263703243,48.02663032010421,52.079498291015625,75.04195404052734,51.59603118896485
2016-05-25 05:00:00,55.0,97.23430702299565,136.66666666666666,106.66666666666667,65.0,136.94591234069009,56.53064789825515,72.93475341796875,92.76683807373047,54.659610748291016
2016-05-25 06:00:00,55.0,97.23430702299565,136.66666666666666,71.66666666666667,70.0,136.97129831105585,61.227060579066524,81.5919189453125,95.73003387451172,61.90010070800781
2016-05-25 07:00:00,65.0,97.23430702299565,136.66666666666666,161.66666666666666,53.333333333333336,136.9966842814216,82.08773468082755,103.2784423828125,124.5924301147461,74.54852294921875
2016-05-25 08:00:00,83.33333333333333,97.23430702299565,136.66666666666666,56.666666666666664,61.666666666666664,137.02207025178737,99.38715809307101,103.45111083984375,110.0163345336914,80.05594635009766
2016-05-25 09:00:00,90.0,97.23430702299565,136.66666666666666,38.333333333333336,65.0,137.04745622215313,87.10091611700139,129.69334411621094,116.52729797363281,66.3165054321289
2016-05-25 10:00:00,78.33333333333333,97.23430702299565,136.66666666666666,66.66666666666667,58.333333333333336,137.0728421925189,101.16500391049955,110.97525024414062,113.50574493408203,64.51073455810547
2016-05-25 11:00:00,50.0,97.23430702299565,136.66666666666666,101.66666666666667,70.0,137.09822816288465,113.11047614535708,124.04510498046875,124.66580200195312,65.4373779296875
2016-05-25 12:00:00,60.0,97.23430702299565,136.66666666666666,128.33333333333334,56.666666666666664,137.12361413325044,99.72213609258742,115.79569244384766,117.46284484863281,67.79759216308594
2016-05-25 13:00:00,71.66666666666667,97.23430702299565,136.66666666666666,118.33333333333333,86.66666666666667,137.1490001036162,102.61244986060768,107.49397277832031,114.19287872314453,73.85595703125
2016-05-25 14:00:00,80.0,97.23430702299565,136.66666666666666,150.0,81.66666666666667,137.17438607398196,95.44791093003914,103.66629791259766,114.63475036621094,76.23981475830078
2016-05-25 15:00:00,80.0,97.23430702299565,136.66666666666666,141.66666666666666,83.33333333333333,137.19977204434772,97.19952729806191,95.93607330322266,123.48690795898438,79.06925201416016
2016-05-25 16:00:00,231.66666666666666,97.23430702299565,136.66666666666666,141.66666666666666,105.0,137.2251580147135,105.71173244726472,104.5498046875,136.71334838867188,102.86438751220705
2016-05-25 17:00:00,118.33333333333333,97.23430702299565,136.66666666666666,203.33333333333334,118.33333333333333,137.25054398507925,169.2850945120154,170.2371368408203,184.540283203125,163.42294311523438
2016-05-25 18:00:00,156.66666666666666,97.23430702299565,136.66666666666666,136.66666666666666,178.33333333333334,137.275929955445,135.51222674809617,133.00460815429688,168.9644317626953,139.7368927001953
2016-05-25 19:00:00,118.33333333333333,97.11854822126261,156.66666666666666,123.33333333333333,143.33333333333334,156.69803558572457,109.70744258602235,109.17070007324219,129.5997772216797,119.35377502441406
2016-05-25 20:00:00,190.0,97.11854822126261,156.66666666666666,96.66666666666667,223.33333333333334,156.72940450478245,113.7416595387954,105.26122283935547,139.48582458496094,95.5681610107422
2016-05-25 21:00:00,56.666666666666664,97.11854822126261,156.66666666666666,76.66666666666667,81.66666666666667,156.76077342384036,87.19669010607774,74.57356262207031,102.89652252197266,70.08026123046875
2016-05-25 22:00:00,53.333333333333336,97.11854822126261,156.66666666666666,61.666666666666664,51.666666666666664,156.79214234289827,64.51705360715354,58.82023620605469,85.2408447265625,57.90843200683594
2016-05-25 23:00:00,53.333333333333336,97.11854822126261,156.66666666666666,58.333333333333336,56.666666666666664,156.82351126195618,68.90573267648892,49.75782775878906,63.88051986694336,54.09624099731445
2016-05-26 00:00:00,53.333333333333336,97.11854822126261,156.66666666666666,53.333333333333336,51.666666666666664,156.85488018101407,59.44259211646735,50.74421310424805,61.18333053588867,53.10942840576172
2016-05-26 01:00:00,55.0,97.11854822126261,156.66666666666666,53.333333333333336,51.666666666666664,156.88624910007198,59.77708440098629,52.0595703125,63.081382751464844,52.17012023925781
2016-05-26 02:00:00,50.0,97.11854822126261,156.66666666666666,56.666666666666664,50.0,156.9176180191299,58.47207975646571,50.75389862060547,63.77284622192383,51.50518798828125
2016-05-26 03:00:00,56.666666666666664,97.11854822126261,156.66666666666666,48.333333333333336,51.666666666666664,156.9489869381878,54.69667763413248,51.791255950927734,64.62513732910156,49.850433349609375
2016-05-26 04:00:00,50.0,97.11854822126261,156.66666666666666,55.0,56.666666666666664,156.98035585724568,55.844441208541106,54.10085678100586,67.61372375488281,49.68121719360352
2016-05-26 05:00:00,56.666666666666664,97.11854822126261,156.66666666666666,55.0,55.0,157.0117247763036,64.10938206883264,59.8249397277832,84.97409057617188,50.97223281860352
2016-05-26 06:00:00,61.666666666666664,97.11854822126261,156.66666666666666,55.0,58.333333333333336,157.0430936953615,68.8767748041673,76.02816009521484,79.5987548828125,56.84889221191406
2016-05-26 07:00:00,100.0,97.11854822126261,156.66666666666666,65.0,50.0,157.07446261441942,87.18558429386141,107.3924789428711,101.9689712524414,78.4820556640625
2016-05-26 08:00:00,156.66666666666666,97.11854822126261,156.66666666666666,83.33333333333333,53.333333333333336,157.1058315334773,104.94339492179186,102.20301055908203,105.0038833618164,75.6683349609375
2016-05-26 09:00:00,276.6666666666667,97.11854822126261,156.66666666666666,90.0,36.666666666666664,157.1372004525352,99.06535712260666,115.93916320800781,108.05805969238281,70.64514923095703
2016-05-26 10:00:00,265.0,97.11854822126261,156.66666666666666,78.33333333333333,55.0,157.16856937159312,117.16576427448908,97.12886047363281,104.7160415649414,66.51329040527344
2016-05-26 11:00:00,243.33333333333334,97.11854822126261,156.66666666666666,50.0,51.666666666666664,157.19993829065103,126.61166638080871,115.13831329345703,105.44570922851562,66.82119750976562
2016-05-26 12:00:00,221.66666666666666,97.11854822126261,156.66666666666666,60.0,55.0,157.23130720970892,112.96751283676369,99.24107360839844,101.45285034179688,72.76385498046875
2016-05-26 13:00:00,75.0,97.11854822126261,156.66666666666666,71.66666666666667,50.0,157.26267612876683,116.26740610880773,115.40974426269531,100.13140869140625,77.52119445800781
2016-05-26 14:00:00,68.33333333333333,97.11854822126261,156.66666666666666,80.0,63.333333333333336,157.29404504782474,110.7668023500528,105.56941986083984,95.81403350830078,77.2341537475586
2016-05-26 15:00:00,61.666666666666664,97.11854822126261,156.66666666666666,80.0,81.66666666666667,157.32541396688265,113.21521801287454,101.36248779296875,96.42120361328125,81.47611999511719
2016-05-26 16:00:00,495.0,97.11854822126261,156.66666666666666,231.66666666666666,90.0,157.35678288594053,127.78923443464913,118.22185516357422,110.75518798828125,110.0186004638672
2016-05-26 17:00:00,440.0,97.11854822126261,156.66666666666666,118.33333333333333,208.33333333333334,157.38815180499844,180.0336856925743,188.11949157714844,151.33946228027344,161.6676025390625
2016-05-26 18:00:00,215.0,97.11854822126261,156.66666666666666,156.66666666666666,120.0,157.41952072405635,149.45914618456118,177.0598907470703,167.19137573242188,143.8302001953125
2016-05-26 19:00:00,223.33333333333334,97.46836088997753,215.0,118.33333333333333,98.33333333333333,215.0490045941807,218.49462708739804,164.71530151367188,162.21200561523438,138.55490112304688
2016-05-26 20:00:00,91.66666666666667,97.46836088997753,215.0,190.0,118.33333333333333,215.0980091883614,186.8159622256418,142.20513916015625,108.71937561035156,107.32698822021484
2016-05-26 21:00:00,76.66666666666667,97.46836088997753,215.0,56.666666666666664,66.66666666666667,215.1470137825421,152.06153469335135,89.60995483398438,68.2830810546875,77.70379638671875
2016-05-26 22:00:00,70.0,97.46836088997753,215.0,53.333333333333336,50.0,215.1960183767228,115.0880350173624,80.16629028320312,59.072181701660156,61.99410629272461
2016-05-26 23:00:00,65.0,97.46836088997753,215.0,53.333333333333336,56.666666666666664,215.24502297090353,104.08195266261893,57.70995330810547,59.42754364013672,56.4764289855957
2016-05-27 00:00:00,60.0,97.46836088997753,215.0,53.333333333333336,51.666666666666664,215.29402756508424,92.6954661739648,58.835792541503906,56.683204650878906,53.24038314819336
2016-05-27 01:00:00,58.333333333333336,97.46836088997753,215.0,55.0,51.666666666666664,215.34303215926494,84.13477807927158,54.29056930541992,55.43314743041992,52.42138671875
2016-05-27 02:00:00,50.0,97.46836088997753,215.0,50.0,36.666666666666664,215.39203675344564,83.13244080720371,50.775657653808594,57.82151794433594,50.286407470703125
2016-05-27 03:00:00,58.333333333333336,97.46836088997753,215.0,56.666666666666664,58.333333333333336,215.44104134762634,80.4596153840059,51.90843200683594,60.21664810180664,50.61185073852539
2016-05-27 04:00:00,58.333333333333336,97.46836088997753,215.0,50.0,51.666666666666664,215.49004594180704,80.2883530569878,53.03475570678711,66.93901062011719,50.44144821166992
2016-05-27 05:00:00,58.333333333333336,97.46836088997753,215.0,56.666666666666664,61.666666666666664,215.53905053598774,87.76190526100586,53.81973648071289,83.55374908447266,51.8381462097168
2016-05-27 06:00:00,63.333333333333336,97.46836088997753,215.0,61.666666666666664,66.66666666666667,215.58805513016844,89.28313035334799,63.4683952331543,105.08457946777344,64.3680648803711
2016-05-27 07:00:00,111.66666666666667,97.46836088997753,215.0,100.0,80.0,215.63705972434917,107.69981885085978,85.74327850341797,139.75587463378906,96.72575378417967
2016-05-27 08:00:00,130.0,97.46836088997753,215.0,156.66666666666666,126.66666666666667,215.68606431852987,124.78579968562656,116.23247528076172,120.76412200927734,136.99273681640625
2016-05-27 09:00:00,251.66666666666666,97.46836088997753,215.0,276.6666666666667,73.33333333333333,215.73506891271057,121.27910329886396,122.24967956542969,169.589111328125,122.24295043945312
2016-05-27 10:00:00,251.66666666666666,97.46836088997753,215.0,265.0,81.66666666666667,215.78407350689127,133.76474233744733,159.82443237304688,140.74989318847656,118.2984390258789
2016-05-27 11:00:00,310.0,97.46836088997753,215.0,243.33333333333334,73.33333333333333,215.83307810107198,142.78233829615385,210.393798828125,138.19384765625,123.02437591552734
2016-05-27 12:00:00,185.0,97.46836088997753,215.0,221.66666666666666,71.66666666666667,215.88208269525268,130.76137524038614,152.15353393554688,131.5740203857422,114.23155212402344
2016-05-27 13:00:00,265.0,97.46836088997753,215.0,75.0,61.666666666666664,215.93108728943338,126.44711091688906,145.49420166015625,108.30127716064453,114.29640197753906
2016-05-27 14:00:00,101.66666666666667,97.46836088997753,215.0,68.33333333333333,60.0,215.98009188361408,120.90299253440196,127.9977035522461,99.62199401855469,109.8676300048828
2016-05-27 15:00:00,76.66666666666667,97.46836088997753,215.0,61.666666666666664,46.666666666666664,216.02909647779478,120.56465972945757,142.68777465820312,96.4953384399414,106.74111938476562
2016-05-27 16:00:00,135.0,97.46836088997753,215.0,495.0,48.333333333333336,216.0781010719755,156.8352978913564,179.67404174804688,99.97892761230469,130.90953063964844
2016-05-27 17:00:00,180.0,97.46836088997753,215.0,440.0,75.0,216.1271056661562,203.13686157371694,183.38002014160156,142.55630493164062,190.68045043945312
2016-05-27 18:00:00,430.0,97.46836088997753,215.0,215.0,78.33333333333333,216.1761102603369,160.81146429893477,200.20565795898438,190.8717041015625,162.59292602539062
